{
  "auroc": 0.7457605377254419,
  "ap": 0.6382349961113809,
  "base_rate": 0.34014869888475835,
  "precision_at_3": 0.5521885521885522,
  "ndcg_at_3": 0.664337933417163,
  "hit_at_3": 0.9242424242424242,
  "baseline_precision_at_3": 0.5488215488215488,
  "baseline_ndcg_at_3": 0.6580602347278103,
  "lift_precision_at_3": 0.0033670033670034627,
  "lift_ndcg_at_3": 0.006277698689352684,
  "rank_citation_corr": -0.360930741804799,
  "n_train": 6438,
  "n_holdout": 1614,
  "holdout_queries": 200
}